;GeneName;GeneID;baseMean;log2FoldChange;lfcSE;stat;pvalue;padj
1;amy;NA;NA;NA;NA;NA;NA;NA
9;amyamy35amy2;leptidea_sinapisG00000015256;122.941427068601;-4.00412603463164;0.884153647226592;-4.52876719695922;5.93288223102403e-06;0.00255572385924612
18;cg17633agap009593;leptidea_sinapisG00000007204;22.5895585215902;-4.51856641294963;0.886799062722971;-5.09536669905254;3.48066861891344e-07;0.000274885804178689
2;cg17633;NA;NA;NA;NA;NA;NA;NA
28;jon99cicogs;leptidea_sinapisG00000006123;24.1790010952188;-4.00426219534018;0.920189785366799;-4.35156123119105;1.35171559964052e-05;0.00441731335785971
3;jon99ci;NA;NA;NA;NA;NA;NA;NA
4;lip1;leptidea_sinapisG00000000141;21.1111388350771;-2.28259711996931;0.614285904299388;-3.71585462728903;0.000202518001649255;0.0274180443089998
5;lip3;leptidea_sinapisG00000000597;99.2420247518116;-2.76928443014041;0.74399438875267;-3.72218456483684;0.000197506566455538;0.0271270975405671